{
    "RandomForest": {
        "mae": [
            34773.28551724137,
            34773.28551724137,
            34773.28551724137,
            34773.28551724137,
            34773.28551724137,
            34773.28551724137,
            34773.28551724137,
            34773.28551724137,
            474.58700000000016,
            474.58700000000016,
            474.58700000000016,
            703.2723214285714,
            703.2723214285714,
            703.2723214285714,
            34773.28551724137,
            34773.28551724137,
            703.2723214285714,
            34773.28551724137,
            34773.28551724137,
            34773.28551724137,
            34773.28551724137,
            34773.28551724137,
            474.58700000000016,
            34773.28551724137,
            34773.28551724137,
            34773.28551724137,
            34773.28551724137,
            34773.28551724137,
            34773.28551724137,
            34773.28551724137,
            34773.28551724137,
            34773.28551724137,
            703.2723214285714,
            34773.28551724137,
            474.58700000000016
        ],
        "mse": [
            1870231643.427565,
            1870231643.427565,
            1870231643.427565,
            1870231643.427565,
            1870231643.427565,
            1870231643.427565,
            1870231643.427565,
            1870231643.427565,
            355276.1904400001,
            355276.1904400001,
            355276.1904400001,
            721370.2983767856,
            721370.2983767856,
            721370.2983767856,
            1870231643.427565,
            1870231643.427565,
            721370.2983767856,
            1870231643.427565,
            1870231643.427565,
            1870231643.427565,
            1870231643.427565,
            1870231643.427565,
            355276.1904400001,
            1870231643.427565,
            1870231643.427565,
            1870231643.427565,
            1870231643.427565,
            1870231643.427565,
            1870231643.427565,
            1870231643.427565,
            1870231643.427565,
            1870231643.427565,
            721370.2983767856,
            1870231643.427565,
            355276.1904400001
        ],
        "rmse": [
            43246.17489937769,
            43246.17489937769,
            43246.17489937769,
            43246.17489937769,
            43246.17489937769,
            43246.17489937769,
            43246.17489937769,
            43246.17489937769,
            596.0504931966755,
            596.0504931966755,
            596.0504931966755,
            849.3352096650566,
            849.3352096650566,
            849.3352096650566,
            43246.17489937769,
            43246.17489937769,
            849.3352096650566,
            43246.17489937769,
            43246.17489937769,
            43246.17489937769,
            43246.17489937769,
            43246.17489937769,
            596.0504931966755,
            43246.17489937769,
            43246.17489937769,
            43246.17489937769,
            43246.17489937769,
            43246.17489937769,
            43246.17489937769,
            43246.17489937769,
            43246.17489937769,
            43246.17489937769,
            849.3352096650566,
            43246.17489937769,
            596.0504931966755
        ],
        "r2": [
            0.9289885574896171,
            0.9289885574896171,
            0.9289885574896171,
            0.9289885574896171,
            0.9289885574896171,
            0.9289885574896171,
            0.9289885574896171,
            0.9289885574896171,
            0.7662701677121467,
            0.7662701677121467,
            0.7662701677121467,
            0.7994467159808756,
            0.7994467159808756,
            0.7994467159808756,
            0.9289885574896171,
            0.9289885574896171,
            0.7994467159808756,
            0.9289885574896171,
            0.9289885574896171,
            0.9289885574896171,
            0.9289885574896171,
            0.9289885574896171,
            0.7662701677121467,
            0.9289885574896171,
            0.9289885574896171,
            0.9289885574896171,
            0.9289885574896171,
            0.9289885574896171,
            0.9289885574896171,
            0.9289885574896171,
            0.9289885574896171,
            0.9289885574896171,
            0.7994467159808756,
            0.9289885574896171,
            0.7662701677121467
        ]
    },
    "XGBoost": {
        "mae": [
            7891.836745689655,
            7891.836745689655,
            7891.836745689655,
            7891.836745689655,
            7891.836745689655,
            7891.836745689655,
            7891.836745689655,
            7891.836745689655,
            7891.836745689655,
            27.442889404296874,
            161.23204476492745,
            161.23204476492745,
            161.23204476492745,
            161.23204476492745,
            27.442889404296874,
            7891.836745689655,
            7891.836745689655,
            7891.836745689655,
            7891.836745689655,
            7891.836745689655,
            7891.836745689655,
            7891.836745689655,
            7891.836745689655,
            7891.836745689655,
            7891.836745689655,
            27.442889404296874,
            161.23204476492745,
            7891.836745689655,
            27.442889404296874,
            7891.836745689655,
            7891.836745689655
        ],
        "mse": [
            95936569.85090585,
            95936569.85090585,
            95936569.85090585,
            95936569.85090585,
            95936569.85090585,
            95936569.85090585,
            95936569.85090585,
            95936569.85090585,
            95936569.85090585,
            1141.269875829667,
            34640.39033757922,
            34640.39033757922,
            34640.39033757922,
            34640.39033757922,
            1141.269875829667,
            95936569.85090585,
            95936569.85090585,
            95936569.85090585,
            95936569.85090585,
            95936569.85090585,
            95936569.85090585,
            95936569.85090585,
            95936569.85090585,
            95936569.85090585,
            95936569.85090585,
            1141.269875829667,
            34640.39033757922,
            95936569.85090585,
            1141.269875829667,
            95936569.85090585,
            95936569.85090585
        ],
        "rmse": [
            9794.721530033707,
            9794.721530033707,
            9794.721530033707,
            9794.721530033707,
            9794.721530033707,
            9794.721530033707,
            9794.721530033707,
            9794.721530033707,
            9794.721530033707,
            33.78268603633623,
            186.11929061110033,
            186.11929061110033,
            186.11929061110033,
            186.11929061110033,
            33.78268603633623,
            9794.721530033707,
            9794.721530033707,
            9794.721530033707,
            9794.721530033707,
            9794.721530033707,
            9794.721530033707,
            9794.721530033707,
            9794.721530033707,
            9794.721530033707,
            9794.721530033707,
            33.78268603633623,
            186.11929061110033,
            9794.721530033707,
            33.78268603633623,
            9794.721530033707,
            9794.721530033707
        ],